expense_id,employee,department,category,amount,date,vendor,reason,has_receipt
E001,김민수,영업,식대,15000,2026-08-01,김밥천국,점심 미팅,Y
E002,이서연,개발,교통,8200,2026-08-01,카카오T,고객사 방문,Y
E003,박준호,영업,식대,32000,2026-08-02,한우마을,거래처 저녁,Y
E004,최지우,마케팅,소모품,45000,2026-08-03,오피스디포,사무용품 구매,Y
E005,정다은,개발,식대,12000,2026-08-03,백반집,야근 식사,N
E006,강현우,영업,접대,180000,2026-08-04,룸살롱,거래처 접대,N
E007,윤소라,인사,교통,15000,2026-08-05,서울택시,채용 면접 이동,Y
E008,임태양,개발,도서,28000,2026-08-05,교보문고,기술서적,Y
E009,한지민,마케팅,식대,25000,2026-08-06,스타벅스,팀 회의,Y
E010,오세훈,영업,교통,120000,2026-08-07,대한항공,부산 출장,Y
E011,신유진,개발,소모품,3500,2026-08-08,다이소,키보드 손목받침,N
E012,권도윤,영업,식대,18000,2026-08-09,,점심 미팅,Y
E013,배수지,인사,교육,350000,2026-08-10,패스트캠퍼스,직무 교육,Y
E014,조민재,마케팅,광고,500000,2026-08-11,메타,SNS 광고비,Y
E015,남기훈,개발,식대,22000,2026-08-12,맘스터치,야근 식사,N
